account_id,account_name,industry,country,referral_source,trialled,signup_date,activated_date,first_usage_date,last_usage_date,churned_date
A-993085,Company_258,HealthTech,US,ads,false,2023-08-05,2023-08-05,2023-08-18,2024-11-08,2024-11-10
A-51ec1b,Company_247,DevTools,US,ads,false,2024-02-10,2024-02-10,2024-02-18,2024-10-22,
A-65c341,Company_308,FinTech,US,ads,false,2024-02-15,2024-02-15,2024-02-21,2024-09-16,2024-11-23
A-4e44e8,Company_22,DevTools,US,ads,false,2024-08-23,2024-08-23,2024-08-26,2024-11-24,
A-6843f2,Company_335,HealthTech,CA,ads,false,2024-12-11,2024-12-11,,,
A-22f2df,Company_106,DevTools,US,ads,false,2024-12-16,2024-12-16,,,
A-c9bb3e,Company_336,EdTech,US,ads,false,2024-04-01,2024-04-01,2024-04-11,2024-11-01,
A-9077b0,Company_41,HealthTech,US,ads,false,2024-08-26,2024-08-26,2024-08-30,2024-11-18,2024-12-30
A-fdfc91,Company_414,Cybersecurity,US,ads,false,2023-07-30,2023-07-30,2023-08-05,2024-11-19,
A-1b9609,Company_5,EdTech,IN,ads,false,2023-12-01,2023-12-01,2023-12-08,2024-11-20,
A-cc8c8f,Company_482,DevTools,US,ads,false,2024-06-21,2024-06-21,2024-06-22,2024-11-21,
A-52dd88,Company_127,Cybersecurity,US,ads,false,2023-03-26,2023-03-26,2023-03-27,2024-11-22,
A-ff79f2,Company_165,DevTools,US,ads,false,2024-05-29,2024-05-29,2024-05-30,2024-11-22,2024-12-31
A-0e966d,Company_493,FinTech,IN,ads,false,2024-06-30,2024-06-30,2024-07-27,2024-11-22,2024-11-30
A-1986ca,Company_197,HealthTech,IN,ads,false,2023-07-06,2023-07-06,2023-07-07,2024-11-23,
A-186a44,Company_101,HealthTech,US,ads,true,2023-08-23,2023-08-23,2023-09-06,2024-11-27,2024-12-25
A-b44e3e,Company_383,Cybersecurity,UK,ads,false,2024-02-28,2024-02-28,2024-03-18,2024-11-29,2024-12-27
A-702032,Company_186,HealthTech,US,ads,false,2024-04-24,2024-04-24,2024-05-11,2024-12-02,2024-12-21
A-bbe56f,Company_406,HealthTech,US,ads,false,2023-08-29,2023-08-29,2023-09-01,2024-12-02,
A-40906c,Company_235,EdTech,US,ads,true,2024-05-28,2024-06-06,2024-06-06,2024-12-03,
A-d42431,Company_378,FinTech,FR,ads,false,2024-06-11,2024-06-11,2024-07-27,2024-12-06,
A-157070,Company_85,FinTech,US,ads,false,2023-12-12,2023-12-12,2024-01-08,2024-12-07,2024-12-26
A-9bfc9f,Company_228,DevTools,CA,ads,false,2023-09-19,2023-09-19,2023-10-06,2024-12-08,
A-fe79a5,Company_81,HealthTech,IN,ads,true,2024-03-02,2024-05-22,2024-03-20,2024-12-08,
A-684255,Company_20,FinTech,US,ads,false,2024-04-14,2024-04-14,2024-04-14,2024-12-08,2024-12-26
A-b2225d,Company_50,FinTech,US,ads,true,2024-04-02,2024-05-13,2024-04-08,2024-12-08,
A-625d0b,Company_290,EdTech,AU,ads,true,2024-09-25,2024-10-07,2024-10-03,2024-12-09,
A-ffc04f,Company_307,EdTech,US,ads,true,2024-06-08,2024-06-08,2024-06-10,2024-12-09,
A-a8d89d,Company_326,EdTech,US,ads,false,2023-12-12,2023-12-12,2024-01-09,2024-12-10,
A-432483,Company_78,Cybersecurity,US,ads,false,2023-04-02,2023-04-02,2023-04-12,2024-12-12,
A-bb3bd4,Company_340,HealthTech,US,ads,false,2024-04-05,2024-04-05,2024-04-15,2024-12-12,
A-e98302,Company_286,EdTech,US,ads,false,2024-01-21,2024-01-21,2024-03-17,2024-12-12,2024-12-28
A-9c18c4,Company_481,HealthTech,US,ads,false,2023-08-09,2023-08-09,2023-10-07,2024-12-13,
A-34d880,Company_207,Cybersecurity,AU,ads,true,2024-04-18,2024-04-18,2024-05-09,2024-12-13,
A-1f7acb,Company_281,FinTech,UK,ads,false,2023-09-01,2023-09-01,2023-09-02,2024-12-13,
A-7e0a10,Company_64,FinTech,US,ads,false,2023-11-29,2023-11-29,2023-12-15,2024-12-14,
A-f446b6,Company_36,DevTools,DE,ads,false,2023-05-28,2023-05-28,2023-07-02,2024-12-14,
A-00bed1,Company_306,Cybersecurity,US,ads,false,2023-11-16,2023-11-16,2023-11-22,2024-12-14,
A-3ce5b8,Company_256,FinTech,IN,ads,false,2023-12-15,2023-12-15,2023-12-20,2024-12-15,
A-fa3095,Company_174,FinTech,US,ads,true,2023-09-18,2023-12-06,2023-10-20,2024-12-15,
A-2ebb4b,Company_334,HealthTech,US,ads,true,2023-06-04,2023-06-16,2023-07-05,2024-12-15,
A-69fad4,Company_103,FinTech,UK,ads,false,2023-07-24,2023-07-24,2023-07-24,2024-12-15,
A-84ebe4,Company_68,FinTech,US,ads,false,2023-05-10,2023-05-10,2023-05-14,2024-12-16,
A-68f37c,Company_202,HealthTech,US,ads,true,2023-07-24,2023-07-24,2023-08-13,2024-12-16,
A-e6afc1,Company_346,DevTools,US,ads,false,2023-05-24,2023-05-24,2023-07-01,2024-12-16,
A-354f12,Company_201,FinTech,US,ads,false,2024-05-28,2024-05-28,2024-06-26,2024-12-16,
A-b179bf,Company_348,Cybersecurity,IN,ads,true,2024-10-27,2024-11-15,2024-12-17,2024-12-17,
A-a0ca4e,Company_6,Cybersecurity,US,ads,false,2024-03-16,2024-03-16,2024-03-16,2024-12-17,
A-82d8a6,Company_444,Cybersecurity,UK,ads,false,2024-12-03,2024-12-03,2024-12-17,2024-12-17,2024-12-31
A-05d3b3,Company_213,DevTools,AU,ads,false,2023-07-12,2023-07-12,2023-07-14,2024-12-18,
A-ba6516,Company_154,FinTech,US,ads,false,2024-01-10,2024-01-10,2024-01-17,2024-12-19,
A-d27f50,Company_163,Cybersecurity,UK,ads,true,2024-07-22,2024-07-22,2024-09-15,2024-12-19,2024-12-29
A-f1f639,Company_296,EdTech,US,ads,false,2023-07-03,2023-07-03,2023-07-31,2024-12-20,
A-7920cc,Company_412,Cybersecurity,FR,ads,false,2023-11-27,2023-11-27,2023-11-27,2024-12-20,
A-cb5333,Company_370,DevTools,US,ads,true,2024-04-01,2024-04-01,2024-04-13,2024-12-21,
A-d922bf,Company_221,HealthTech,US,ads,true,2023-10-29,2023-10-29,2023-10-30,2024-12-21,
A-b11cd0,Company_439,DevTools,US,ads,true,2023-02-16,2023-02-16,2023-02-23,2024-12-21,
A-49b828,Company_391,FinTech,IN,ads,false,2023-05-11,2023-05-11,2023-05-20,2024-12-21,
A-cb6cc6,Company_419,DevTools,US,ads,true,2023-04-20,2023-08-15,2023-08-03,2024-12-21,
A-922109,Company_243,Cybersecurity,US,ads,false,2024-03-23,2024-03-23,2024-04-15,2024-12-21,
A-075038,Company_397,HealthTech,UK,ads,true,2023-07-14,2023-07-14,2023-08-05,2024-12-21,
A-098560,Company_349,DevTools,UK,ads,false,2023-12-10,2023-12-10,2023-12-29,2024-12-22,
A-c1dfe1,Company_53,DevTools,DE,ads,false,2023-10-26,2023-10-26,2023-11-14,2024-12-23,
A-bc4d48,Company_343,EdTech,US,ads,false,2024-06-26,2024-06-26,2024-07-15,2024-12-23,
A-7a0d69,Company_187,DevTools,DE,ads,true,2024-07-21,2024-08-20,2024-08-06,2024-12-23,
A-e4bf56,Company_272,HealthTech,IN,ads,false,2024-11-17,2024-11-17,2024-11-21,2024-12-23,
A-45ce7a,Company_31,FinTech,US,ads,false,2023-08-18,2023-08-18,2023-08-24,2024-12-24,
A-8ae3fc,Company_495,DevTools,CA,ads,false,2024-07-17,2024-07-17,2024-08-12,2024-12-24,
A-5a92e7,Company_413,HealthTech,US,ads,true,2024-06-13,2024-06-13,2024-06-21,2024-12-24,
A-cc98bc,Company_469,DevTools,US,ads,false,2023-05-27,2023-05-27,2023-06-02,2024-12-24,
A-956988,Company_14,EdTech,UK,ads,true,2024-12-01,2024-12-02,2024-12-01,2024-12-24,
A-9badbd,Company_63,Cybersecurity,DE,ads,false,2024-06-29,2024-06-29,2024-07-01,2024-12-25,2024-12-30
A-ab438f,Company_233,Cybersecurity,US,ads,true,2024-10-18,2024-10-23,2024-10-18,2024-12-25,
A-671f31,Company_137,DevTools,US,ads,false,2024-11-27,2024-11-27,2024-12-25,2024-12-25,
A-fabe19,Company_97,DevTools,UK,ads,false,2024-11-23,2024-11-23,2024-12-10,2024-12-25,
A-a45270,Company_37,HealthTech,US,ads,false,2024-07-12,2024-07-12,2024-07-23,2024-12-25,
A-9ee962,Company_59,HealthTech,US,ads,true,2023-06-23,2023-06-23,2023-06-23,2024-12-25,
A-d4ac0e,Company_364,DevTools,UK,ads,true,2024-05-10,2024-05-19,2024-05-17,2024-12-26,
A-42e5e1,Company_118,DevTools,US,ads,false,2024-07-21,2024-07-21,2024-07-27,2024-12-26,
A-ee42db,Company_77,EdTech,DE,ads,true,2023-05-01,2023-05-01,2023-05-04,2024-12-26,
A-7c4956,Company_254,DevTools,US,ads,true,2023-06-05,2023-06-05,2023-06-05,2024-12-26,
A-88c6ca,Company_179,FinTech,DE,ads,false,2024-11-01,2024-11-01,2024-11-24,2024-12-27,
A-8b25f2,Company_96,Cybersecurity,US,ads,true,2024-02-19,2024-03-23,2024-02-21,2024-12-27,
A-9f0b68,Company_489,EdTech,US,ads,false,2024-05-17,2024-05-17,2024-05-25,2024-12-27,
A-f92792,Company_67,FinTech,US,ads,false,2024-07-07,2024-07-07,2024-08-02,2024-12-27,
A-a7bd4b,Company_363,Cybersecurity,US,ads,false,2023-03-19,2023-03-19,2023-03-28,2024-12-28,
A-439b2f,Company_152,DevTools,US,ads,false,2024-03-09,2024-03-09,2024-03-15,2024-12-29,
A-151c9a,Company_260,FinTech,US,ads,false,2023-05-08,2023-05-08,2023-07-11,2024-12-29,
A-81edc3,Company_236,Cybersecurity,IN,ads,false,2023-11-07,2023-11-07,2023-11-15,2024-12-29,
A-acb7f7,Company_330,EdTech,US,ads,false,2024-01-07,2024-01-07,2024-01-15,2024-12-29,
A-712f1c,Company_331,DevTools,US,ads,false,2024-01-03,2024-01-03,2024-02-03,2024-12-29,
A-bd4708,Company_257,FinTech,US,ads,false,2024-07-24,2024-07-24,2024-07-25,2024-12-30,
A-e08cd3,Company_475,FinTech,US,ads,false,2024-09-30,2024-09-30,2024-10-15,2024-12-30,
A-2d1036,Company_399,FinTech,US,ads,false,2024-07-03,2024-07-03,2024-07-17,2024-12-30,
A-7cfe77,Company_367,DevTools,US,ads,false,2024-07-30,2024-07-30,2024-09-05,2024-12-31,
A-054577,Company_455,EdTech,UK,ads,false,2024-05-03,2024-05-03,2024-05-11,2024-12-31,
A-c608c8,Company_199,DevTools,DE,ads,false,2023-06-30,2023-06-30,2023-07-03,2024-12-31,
A-378b99,Company_60,EdTech,UK,ads,false,2024-09-10,2024-09-10,2024-10-07,2024-12-31,
A-297a2d,Company_448,HealthTech,UK,event,true,2023-08-15,2023-08-30,2023-08-20,2024-11-14,
A-b54c01,Company_354,DevTools,US,event,true,2024-10-07,2024-10-28,,,
A-5790f4,Company_446,FinTech,UK,event,true,2024-12-22,2024-12-23,,,
A-149a69,Company_302,DevTools,US,event,false,2024-12-05,2024-12-05,,,
A-0be015,Company_454,FinTech,US,event,true,2024-10-21,2024-10-21,2024-10-23,2024-10-23,
A-b2af2e,Company_227,Cybersecurity,UK,event,false,2024-08-26,2024-08-26,2024-10-13,2024-11-11,
A-ad64c6,Company_175,DevTools,UK,event,false,2024-03-07,2024-03-07,2024-04-02,2024-11-11,
A-c16b88,Company_431,HealthTech,US,event,true,2024-03-08,2024-06-03,2024-03-29,2024-11-19,
A-ad3abd,Company_410,FinTech,US,event,false,2023-03-18,2023-03-18,2023-03-24,2024-11-21,
A-508199,Company_208,FinTech,AU,event,false,2024-01-30,2024-01-30,2024-02-16,2024-11-23,
A-fd7ad3,Company_100,Cybersecurity,US,event,true,2024-11-02,2024-11-02,2024-11-16,2024-11-25,
A-b48f73,Company_225,EdTech,AU,event,false,2024-11-15,2024-11-15,2024-11-25,2024-11-25,
A-a2485e,Company_467,FinTech,US,event,false,2024-08-08,2024-08-08,2024-09-09,2024-11-27,
A-9289f6,Company_104,EdTech,US,event,false,2023-07-04,2023-07-04,2023-07-08,2024-11-29,
A-78f02b,Company_329,HealthTech,US,event,false,2024-11-19,2024-11-19,2024-11-29,2024-11-29,
A-09540c,Company_239,Cybersecurity,CA,event,false,2024-04-11,2024-04-11,2024-04-20,2024-12-02,
A-7c5768,Company_407,HealthTech,UK,event,true,2024-03-05,2024-03-05,2024-03-05,2024-12-02,
A-76fa4d,Company_226,HealthTech,US,event,false,2024-11-26,2024-11-26,2024-12-02,2024-12-03,
A-089363,Company_387,FinTech,AU,event,true,2023-06-03,2023-06-03,2023-06-08,2024-12-05,
A-b78bf8,Company_148,DevTools,US,event,false,2024-11-17,2024-11-17,2024-12-02,2024-12-06,
A-96215d,Company_318,FinTech,US,event,false,2024-08-17,2024-08-17,2024-08-26,2024-12-06,
A-2bc93d,Company_43,HealthTech,US,event,false,2023-07-19,2023-07-19,2023-07-26,2024-12-07,
A-2d4502,Company_45,FinTech,IN,event,false,2024-04-30,2024-04-30,2024-06-14,2024-12-07,
A-5b051a,Company_181,Cybersecurity,US,event,false,2024-09-18,2024-09-18,2024-11-02,2024-12-07,
A-ccc747,Company_339,HealthTech,FR,event,true,2024-05-13,2024-06-24,2024-05-19,2024-12-08,
A-4437e4,Company_192,Cybersecurity,US,event,true,2023-11-17,2023-11-17,2023-11-21,2024-12-10,
A-1ac5e0,Company_126,DevTools,US,event,true,2024-10-24,2024-10-24,2024-10-29,2024-12-11,
A-e1b9cd,Company_484,DevTools,US,event,false,2023-03-21,2023-03-21,2023-04-14,2024-12-12,
A-b7b7b7,Company_338,FinTech,US,event,false,2024-07-12,2024-07-12,2024-07-31,2024-12-12,
A-034368,Company_353,EdTech,US,event,true,2023-12-14,2024-06-21,2023-12-17,2024-12-13,
A-32728c,Company_54,DevTools,US,event,true,2023-04-04,2023-04-04,2023-06-18,2024-12-14,
A-3b37d9,Company_384,FinTech,US,event,true,2023-04-11,2023-04-11,2023-04-21,2024-12-14,
A-ad296b,Company_112,DevTools,AU,event,true,2024-07-23,2024-07-25,2024-08-17,2024-12-14,
A-7f29a7,Company_386,Cybersecurity,UK,event,false,2024-09-26,2024-09-26,2024-10-16,2024-12-14,
A-bcf87c,Company_288,FinTech,US,event,false,2024-07-22,2024-07-22,2024-07-23,2024-12-14,
A-f44180,Company_376,Cybersecurity,UK,event,true,2023-03-25,2023-03-25,2023-03-29,2024-12-15,
A-854864,Company_38,FinTech,IN,event,false,2024-12-09,2024-12-09,2024-12-12,2024-12-15,
A-180abf,Company_122,DevTools,US,event,false,2023-09-16,2023-09-16,2023-09-18,2024-12-17,
A-068fc6,Company_465,EdTech,US,event,false,2023-10-28,2023-10-28,2023-11-04,2024-12-17,2024-12-25
A-40de06,Company_369,Cybersecurity,US,event,true,2023-06-03,2023-06-03,2023-06-13,2024-12-17,
A-b30291,Company_344,HealthTech,US,event,true,2024-04-09,2024-04-09,2024-04-13,2024-12-17,
A-9f2731,Company_24,FinTech,IN,event,true,2024-10-12,2024-11-02,2024-10-12,2024-12-19,
A-8ed5dd,Company_222,EdTech,UK,event,false,2023-08-08,2023-08-08,2023-08-12,2024-12-19,
A-13466a,Company_196,DevTools,AU,event,false,2023-11-18,2023-11-18,2023-12-11,2024-12-19,
A-3f9cc0,Company_359,HealthTech,US,event,false,2024-06-23,2024-06-23,2024-07-06,2024-12-20,
A-53f4e3,Company_194,Cybersecurity,UK,event,false,2024-06-17,2024-06-17,2024-07-03,2024-12-20,
A-3c1a3f,Company_224,DevTools,UK,event,true,2023-08-31,2023-12-23,2023-09-07,2024-12-20,
A-9779ad,Company_171,Cybersecurity,AU,event,false,2024-04-07,2024-04-07,2024-04-08,2024-12-20,
A-271f46,Company_84,DevTools,US,event,true,2023-03-29,2023-03-29,2023-04-30,2024-12-20,
A-92a333,Company_116,FinTech,US,event,false,2023-08-04,2023-08-04,2023-08-05,2024-12-20,
A-42b791,Company_464,FinTech,AU,event,false,2024-06-11,2024-06-11,2024-06-17,2024-12-20,
A-22d9d2,Company_188,DevTools,FR,event,false,2024-03-27,2024-03-27,2024-04-01,2024-12-20,2024-12-20
A-019782,Company_142,DevTools,FR,event,false,2023-06-08,2023-06-08,2023-06-16,2024-12-20,
A-d3c88e,Company_490,DevTools,US,event,true,2024-10-23,2024-10-23,2024-11-11,2024-12-21,
A-e7a1e2,Company_295,Cybersecurity,US,event,true,2024-07-19,2024-07-19,2024-08-03,2024-12-21,
A-3b5cd1,Company_49,FinTech,US,event,true,2023-09-30,2023-10-07,2023-11-11,2024-12-21,
A-bc87bc,Company_456,FinTech,US,event,false,2024-09-11,2024-09-11,2024-09-19,2024-12-21,
A-2edab2,Company_301,HealthTech,US,event,false,2023-11-22,2023-11-22,2023-11-25,2024-12-22,
A-7da956,Company_141,Cybersecurity,US,event,true,2024-06-15,2024-07-20,2024-06-15,2024-12-22,
A-cea1f0,Company_273,FinTech,US,event,false,2024-06-01,2024-06-01,2024-06-17,2024-12-23,
A-832ec2,Company_19,FinTech,UK,event,true,2024-01-02,2024-02-02,2024-01-31,2024-12-23,
A-4814a3,Company_337,Cybersecurity,IN,event,false,2024-09-27,2024-09-27,2024-10-23,2024-12-23,
A-ce550d,Company_4,HealthTech,US,event,false,2024-10-28,2024-10-28,2024-11-01,2024-12-23,2024-12-31
A-f6b2fb,Company_418,DevTools,AU,event,false,2024-05-23,2024-05-23,2024-06-29,2024-12-24,
A-dcc3f1,Company_314,HealthTech,US,event,false,2023-12-27,2023-12-27,2024-01-09,2024-12-24,
A-659280,Company_417,FinTech,IN,event,true,2023-11-25,2023-11-25,2023-12-05,2024-12-24,
A-32fb14,Company_25,DevTools,US,event,true,2023-07-18,2023-09-12,2023-07-30,2024-12-25,
A-f17767,Company_123,DevTools,US,event,false,2023-02-15,2023-02-15,2023-03-11,2024-12-25,
A-0532a9,Company_170,FinTech,IN,event,false,2024-09-26,2024-09-26,2024-09-28,2024-12-25,
A-65a46c,Company_95,HealthTech,US,event,false,2024-03-05,2024-03-05,2024-03-25,2024-12-26,
A-4c38bc,Company_55,HealthTech,UK,event,false,2024-03-17,2024-03-17,2024-03-20,2024-12-26,2024-12-28
A-4bfa33,Company_251,Cybersecurity,US,event,false,2024-12-10,2024-12-10,2024-12-11,2024-12-26,
A-ac9111,Company_487,HealthTech,US,event,false,2023-09-06,2023-09-06,2023-09-16,2024-12-27,
A-02fac6,Company_52,FinTech,US,event,false,2023-10-21,2023-10-21,2023-10-27,2024-12-27,
A-72799b,Company_394,DevTools,FR,event,false,2023-11-17,2023-11-17,2023-12-04,2024-12-27,
A-d49cc5,Company_275,Cybersecurity,FR,event,false,2024-02-13,2024-02-13,2024-03-17,2024-12-28,
A-c16cf7,Company_377,EdTech,US,event,false,2024-10-18,2024-10-18,2024-10-22,2024-12-28,
A-6e08f3,Company_220,Cybersecurity,US,event,true,2023-07-25,2024-02-16,2023-08-04,2024-12-28,
A-bece89,Company_128,Cybersecurity,IN,event,false,2024-01-18,2024-01-18,2024-04-04,2024-12-28,
A-4a4c2d,Company_473,DevTools,US,event,true,2023-07-03,2023-07-03,2023-07-18,2024-12-28,
A-f97b9a,Company_159,FinTech,US,event,true,2023-09-10,2023-12-26,2023-09-19,2024-12-29,
A-3be56b,Company_200,HealthTech,IN,event,true,2023-11-22,2023-12-16,2023-11-23,2024-12-29,
A-bd4513,Company_205,DevTools,AU,event,false,2024-11-12,2024-11-12,2024-11-15,2024-12-29,
A-b07b56,Company_292,DevTools,US,event,false,2024-11-16,2024-11-16,2024-11-28,2024-12-29,
A-7dacce,Company_8,Cybersecurity,CA,event,true,2024-09-10,2024-09-10,2024-09-17,2024-12-29,
A-c37cab,Company_278,Cybersecurity,UK,event,true,2024-07-30,2024-07-30,2024-08-01,2024-12-30,
A-249769,Company_214,Cybersecurity,US,event,false,2024-06-08,2024-06-08,2024-06-15,2024-12-30,
A-08e34e,Company_32,EdTech,US,event,false,2024-07-01,2024-07-01,2024-07-02,2024-12-30,
A-f03140,Company_209,DevTools,IN,event,false,2023-12-11,2023-12-11,2023-12-15,2024-12-30,
A-54d94a,Company_385,Cybersecurity,IN,event,true,2023-11-29,2023-12-16,2023-12-14,2024-12-30,
A-029f69,Company_129,Cybersecurity,CA,event,false,2024-05-09,2024-05-09,2024-05-10,2024-12-31,
A-e693b6,Company_240,FinTech,AU,event,true,2023-08-01,2023-08-01,2023-08-26,2024-12-31,
A-8b0451,Company_245,FinTech,UK,event,false,2024-09-21,2024-09-21,2024-09-24,2024-12-31,
A-95b24a,Company_117,FinTech,US,event,false,2023-07-14,2023-07-14,2023-07-21,2024-12-31,
A-ce66f8,Company_17,EdTech,CA,event,false,2023-08-24,2023-08-24,2023-10-23,2024-12-31,
A-8adedc,Company_300,EdTech,US,event,false,2024-02-22,2024-02-22,2024-03-13,2024-12-31,
A-ccabf0,Company_471,HealthTech,IN,organic,false,2023-11-07,2023-11-07,2023-11-25,2024-11-06,2024-11-06
A-bb1eaa,Company_468,Cybersecurity,US,organic,false,2024-06-30,2024-06-30,2024-09-29,2024-11-16,
A-f19b24,Company_462,Cybersecurity,US,organic,false,2024-03-17,2024-03-17,2024-05-20,2024-11-03,
A-e7beab,Company_458,EdTech,DE,organic,false,2023-10-23,2023-10-23,2023-10-30,2024-10-13,2024-12-29
A-bf7919,Company_426,HealthTech,US,organic,true,2024-12-07,2024-12-07,,,
A-18793f,Company_488,EdTech,US,organic,false,2024-12-19,2024-12-19,,,
A-17939a,Company_162,HealthTech,US,organic,false,2024-12-26,2024-12-26,,,
A-fb186e,Company_131,EdTech,IN,organic,true,2024-11-16,2024-12-22,,,
A-700ade,Company_472,Cybersecurity,UK,organic,false,2024-11-07,2024-11-07,,,
A-0b0d6d,Company_267,DevTools,US,organic,false,2024-12-30,2024-12-30,,,
A-940b8b,Company_398,HealthTech,DE,organic,true,2024-04-01,2024-04-01,2024-04-03,2024-10-28,
A-560d27,Company_266,DevTools,US,organic,true,2024-05-31,2024-05-31,2024-06-05,2024-10-28,
A-0baac2,Company_264,FinTech,DE,organic,false,2024-06-02,2024-06-02,2024-06-05,2024-10-31,2024-12-12
A-526d93,Company_66,HealthTech,FR,organic,true,2024-04-19,2024-04-19,2024-05-11,2024-11-01,2024-11-10
A-1f559b,Company_357,HealthTech,US,organic,false,2023-12-12,2023-12-12,2023-12-16,2024-11-21,
A-d40bf7,Company_11,FinTech,IN,organic,false,2024-11-09,2024-11-09,2024-11-10,2024-11-21,
A-cdf020,Company_345,DevTools,AU,organic,false,2023-12-01,2023-12-01,2023-12-13,2024-11-25,
A-eb2fdc,Company_216,DevTools,AU,organic,false,2024-02-24,2024-02-24,2024-03-03,2024-11-29,
A-31ab9a,Company_460,FinTech,DE,organic,false,2024-03-23,2024-03-23,2024-03-31,2024-12-01,
A-331424,Company_246,DevTools,US,organic,true,2024-01-04,2024-01-24,2024-01-30,2024-12-02,
A-8e47ca,Company_191,HealthTech,US,organic,false,2024-02-27,2024-02-27,2024-03-09,2024-12-04,2024-12-09
A-337bc1,Company_424,Cybersecurity,US,organic,false,2023-08-02,2023-08-02,2023-08-07,2024-12-05,
A-8bde0c,Company_287,DevTools,US,organic,false,2024-11-04,2024-11-04,2024-11-09,2024-12-06,
A-82861f,Company_350,DevTools,UK,organic,false,2024-05-18,2024-05-18,2024-05-26,2024-12-06,
A-1619f8,Company_183,DevTools,US,organic,false,2024-06-09,2024-06-09,2024-07-03,2024-12-07,
A-b7724f,Company_320,HealthTech,UK,organic,false,2023-06-03,2023-06-03,2023-06-11,2024-12-08,
A-d26ab4,Company_497,DevTools,UK,organic,true,2024-11-08,2024-11-13,2024-11-08,2024-12-09,
A-bb1486,Company_265,HealthTech,US,organic,false,2024-11-13,2024-11-13,2024-12-01,2024-12-09,
A-df1e44,Company_323,Cybersecurity,UK,organic,true,2024-03-08,2024-04-09,2024-04-04,2024-12-09,
A-117171,Company_135,HealthTech,FR,organic,false,2024-10-02,2024-10-02,2024-11-01,2024-12-11,2024-12-17
A-7d514c,Company_119,HealthTech,DE,organic,true,2024-02-13,2024-03-20,2024-02-21,2024-12-11,
A-474ad4,Company_261,EdTech,US,organic,false,2023-12-04,2023-12-04,2023-12-05,2024-12-11,
A-9208f0,Company_79,EdTech,US,organic,true,2023-05-15,2023-05-15,2023-05-25,2024-12-11,
A-712533,Company_498,EdTech,US,organic,true,2023-08-13,2023-11-09,2023-09-01,2024-12-12,
A-1b707d,Company_56,Cybersecurity,US,organic,false,2023-11-14,2023-11-14,2023-11-27,2024-12-13,
A-558c72,Company_438,FinTech,US,organic,false,2023-06-12,2023-06-12,2023-07-11,2024-12-14,
A-eb7c38,Company_47,DevTools,AU,organic,true,2024-04-11,2024-04-12,2024-04-18,2024-12-15,
A-3a5ad8,Company_94,HealthTech,US,organic,true,2023-12-18,2024-01-01,2024-01-10,2024-12-15,
A-533452,Company_279,DevTools,AU,organic,false,2024-11-21,2024-11-21,2024-11-26,2024-12-15,
A-0651a4,Company_255,HealthTech,FR,organic,true,2024-10-27,2024-10-27,2024-11-11,2024-12-16,
A-89ee83,Company_312,Cybersecurity,US,organic,false,2024-10-18,2024-10-18,2024-11-05,2024-12-17,
A-544d0a,Company_153,DevTools,US,organic,false,2024-05-24,2024-05-24,2024-06-25,2024-12-18,
A-92a3af,Company_259,Cybersecurity,IN,organic,false,2024-07-23,2024-07-23,2024-08-04,2024-12-18,
A-a865bd,Company_297,Cybersecurity,US,organic,false,2024-01-17,2024-01-17,2024-01-31,2024-12-18,
A-2922b6,Company_70,HealthTech,US,organic,false,2024-12-05,2024-12-05,2024-12-06,2024-12-18,
A-6a7c9d,Company_324,Cybersecurity,US,organic,false,2024-11-12,2024-11-12,2024-12-18,2024-12-18,
A-67be94,Company_276,EdTech,US,organic,false,2023-08-29,2023-08-29,2023-10-31,2024-12-18,
A-3793ee,Company_332,Cybersecurity,CA,organic,true,2023-11-20,2023-11-23,2023-12-19,2024-12-19,
A-7df7a7,Company_125,DevTools,US,organic,true,2023-02-05,2023-02-05,2023-02-08,2024-12-19,
A-eb7fac,Company_28,DevTools,US,organic,false,2023-12-26,2023-12-26,2024-02-08,2024-12-19,
A-9123ac,Company_219,Cybersecurity,DE,organic,false,2023-10-25,2023-10-25,2023-11-09,2024-12-19,
A-0cc442,Company_198,EdTech,US,organic,true,2024-07-27,2024-08-14,2024-07-29,2024-12-20,
A-779e4e,Company_193,HealthTech,US,organic,false,2023-01-09,2023-01-09,2023-01-09,2024-12-20,
A-e40f45,Company_317,HealthTech,US,organic,false,2024-05-15,2024-05-15,2024-06-16,2024-12-20,2024-12-22
A-794a0b,Company_168,HealthTech,DE,organic,true,2023-08-07,2023-12-18,2023-09-08,2024-12-20,
A-de58ca,Company_212,HealthTech,DE,organic,false,2023-04-20,2023-04-20,2023-05-03,2024-12-21,
A-ffdfd5,Company_365,EdTech,US,organic,false,2024-04-24,2024-04-24,2024-05-10,2024-12-21,2024-12-31
A-484819,Company_109,HealthTech,US,organic,false,2023-02-23,2023-02-23,2023-03-14,2024-12-21,
A-7f8241,Company_42,EdTech,US,organic,false,2023-03-27,2023-03-27,2023-04-06,2024-12-21,
A-0a282f,Company_2,DevTools,US,organic,false,2024-08-31,2024-08-31,2024-09-11,2024-12-22,
A-039727,Company_107,EdTech,AU,organic,false,2024-11-07,2024-11-07,2024-11-08,2024-12-22,2024-12-30
A-adc1f3,Company_98,Cybersecurity,US,organic,false,2024-08-10,2024-08-10,2024-10-16,2024-12-22,
A-71615e,Company_167,EdTech,US,organic,false,2024-06-27,2024-06-27,2024-07-05,2024-12-22,
A-3a7284,Company_93,FinTech,US,organic,false,2024-11-28,2024-11-28,2024-12-01,2024-12-22,
A-30b4ca,Company_23,EdTech,IN,organic,false,2024-05-24,2024-05-24,2024-05-28,2024-12-22,
A-50bb9f,Company_373,Cybersecurity,US,organic,false,2024-07-22,2024-07-22,2024-08-08,2024-12-23,
A-4c6f11,Company_146,FinTech,CA,organic,false,2024-03-30,2024-03-30,2024-04-12,2024-12-23,
A-80eeb6,Company_402,Cybersecurity,UK,organic,false,2023-07-15,2023-07-15,2023-07-15,2024-12-23,2024-12-31
A-4ef964,Company_262,HealthTech,US,organic,false,2024-04-01,2024-04-01,2024-04-16,2024-12-23,
A-0aaf6e,Company_114,FinTech,US,organic,false,2024-06-16,2024-06-16,2024-07-09,2024-12-23,
A-bad8c1,Company_34,FinTech,AU,organic,true,2023-06-12,2023-06-12,2023-06-19,2024-12-24,
A-00cac8,Company_26,HealthTech,AU,organic,false,2023-09-16,2023-09-16,2023-10-07,2024-12-24,
A-2446e3,Company_241,EdTech,IN,organic,false,2024-01-21,2024-01-21,2024-02-03,2024-12-24,
A-d535f6,Company_421,DevTools,US,organic,true,2024-09-21,2024-09-23,2024-09-26,2024-12-25,
A-c1e51e,Company_173,FinTech,US,organic,false,2024-10-20,2024-10-20,2024-11-22,2024-12-25,2024-12-31
A-87aa7b,Company_433,HealthTech,US,organic,false,2024-05-22,2024-05-22,2024-05-22,2024-12-26,
A-fa2041,Company_211,HealthTech,US,organic,true,2024-06-11,2024-06-16,2024-06-14,2024-12-26,
A-443f6f,Company_304,Cybersecurity,US,organic,false,2024-12-08,2024-12-08,2024-12-19,2024-12-26,
A-10b8f2,Company_151,HealthTech,DE,organic,true,2023-02-05,2023-04-19,2023-02-05,2024-12-26,
A-600734,Company_327,DevTools,US,organic,false,2024-01-13,2024-01-13,2024-01-30,2024-12-26,
A-dcc2f0,Company_309,FinTech,UK,organic,false,2023-10-02,2023-10-02,2023-11-04,2024-12-26,
A-f45426,Company_172,HealthTech,US,organic,true,2024-08-05,2024-08-09,2024-09-07,2024-12-26,
A-96bbc6,Company_342,Cybersecurity,US,organic,false,2024-05-23,2024-05-23,2024-05-27,2024-12-26,
A-9f9299,Company_133,FinTech,US,organic,false,2023-11-24,2023-11-24,2023-12-03,2024-12-26,
A-34ea2f,Company_436,HealthTech,US,organic,true,2024-09-05,2024-09-05,2024-09-13,2024-12-27,
A-90a8c8,Company_249,FinTech,AU,organic,false,2024-08-25,2024-08-25,2024-09-09,2024-12-27,
A-a1b80b,Company_184,HealthTech,US,organic,false,2024-03-11,2024-03-11,2024-03-16,2024-12-27,
A-6da850,Company_293,FinTech,IN,organic,false,2023-10-08,2023-10-08,2023-10-29,2024-12-27,2024-12-31
A-09316c,Company_341,FinTech,AU,organic,false,2024-09-19,2024-09-19,2024-11-27,2024-12-27,
A-410e86,Company_210,FinTech,US,organic,true,2024-11-16,2024-11-16,2024-12-27,2024-12-27,
A-2f6a32,Company_160,HealthTech,US,organic,true,2024-09-16,2024-09-25,2024-09-19,2024-12-27,
A-4e0e85,Company_409,DevTools,US,organic,true,2024-02-16,2024-02-22,2024-03-08,2024-12-28,
A-faa28c,Company_91,HealthTech,US,organic,true,2024-02-05,2024-02-05,2024-02-08,2024-12-28,
A-6965e1,Company_379,DevTools,US,organic,true,2024-12-05,2024-12-06,2024-12-06,2024-12-28,
A-812c5b,Company_395,DevTools,CA,organic,true,2024-04-03,2024-05-19,2024-04-06,2024-12-28,
A-202b67,Company_305,HealthTech,US,organic,false,2024-03-27,2024-03-27,2024-05-28,2024-12-28,
A-751c58,Company_393,FinTech,UK,organic,false,2024-07-29,2024-07-29,2024-07-30,2024-12-29,
A-139c3b,Company_185,HealthTech,US,organic,false,2024-11-26,2024-11-26,2024-11-30,2024-12-29,
A-c43359,Company_83,FinTech,US,organic,false,2024-11-18,2024-11-18,2024-12-06,2024-12-29,
A-20736a,Company_271,EdTech,IN,organic,false,2024-05-09,2024-05-09,2024-05-20,2024-12-29,
A-592832,Company_10,Cybersecurity,US,organic,true,2024-09-26,2024-09-26,2024-09-26,2024-12-30,
A-b9eed8,Company_189,Cybersecurity,US,organic,false,2024-03-16,2024-03-16,2024-04-04,2024-12-30,
A-118d55,Company_65,Cybersecurity,US,organic,false,2024-10-26,2024-10-26,2024-11-02,2024-12-30,2024-12-31
A-e89151,Company_234,FinTech,UK,organic,false,2023-11-14,2023-11-14,2023-11-23,2024-12-30,
A-781cc0,Company_499,EdTech,US,organic,false,2024-09-04,2024-09-04,2024-09-09,2024-12-30,
A-cab532,Company_218,DevTools,FR,organic,false,2023-04-21,2023-04-21,2023-04-26,2024-12-30,
A-a1bbb6,Company_74,DevTools,CA,organic,false,2023-04-17,2023-04-17,2023-04-17,2024-12-30,
A-fd9422,Company_263,Cybersecurity,US,organic,true,2024-05-08,2024-05-09,2024-05-21,2024-12-30,
A-d792a6,Company_486,DevTools,US,organic,true,2023-02-06,2023-02-06,2023-02-24,2024-12-31,
A-6f8ad2,Company_57,EdTech,IN,organic,true,2024-07-22,2024-08-11,2024-07-23,2024-12-31,
A-016043,Company_405,EdTech,CA,organic,false,2024-08-02,2024-08-02,2024-09-04,2024-12-31,
A-55f257,Company_496,FinTech,US,organic,true,2024-01-12,2024-01-18,2024-01-23,2024-12-31,
A-a09355,Company_459,FinTech,US,organic,false,2024-08-22,2024-08-22,2024-08-30,2024-12-31,
A-5b1bcd,Company_166,DevTools,US,organic,false,2023-09-23,2023-09-23,2023-09-23,2024-12-31,
A-c42f1f,Company_21,HealthTech,US,other,false,2024-07-28,2024-07-28,2024-08-21,2024-10-30,
A-2e3bad,Company_108,FinTech,CA,other,false,2023-08-19,2023-08-19,2023-08-23,2024-11-12,2024-12-27
A-1e6fc3,Company_434,EdTech,FR,other,true,2024-01-11,2024-04-01,2024-01-25,2024-10-04,
A-44dc83,Company_35,EdTech,FR,other,true,2024-06-17,2024-06-17,2024-06-22,2024-10-09,
A-e60f9d,Company_178,FinTech,US,other,false,2024-09-17,2024-09-17,2024-09-19,2024-10-29,2024-12-28
A-b20d99,Company_29,HealthTech,IN,other,false,2024-01-26,2024-01-26,2024-02-04,2024-09-23,
A-038089,Company_156,DevTools,FR,other,false,2024-06-27,2024-06-27,2024-08-17,2024-11-28,
A-3d957b,Company_311,HealthTech,UK,other,false,2024-07-15,2024-07-15,2024-10-20,2024-10-20,
A-0f6450,Company_400,FinTech,US,other,true,2024-12-27,2024-12-27,,,
A-310452,Company_321,DevTools,FR,other,false,2024-12-26,2024-12-26,,,
A-118f1c,Company_492,Cybersecurity,US,other,false,2024-10-31,2024-10-31,,,
A-902ef7,Company_270,HealthTech,US,other,false,2024-09-05,2024-09-05,2024-09-23,2024-10-21,
A-6dee43,Company_478,FinTech,UK,other,false,2023-10-22,2023-10-22,2023-10-27,2024-11-18,
A-c7e58b,Company_404,HealthTech,IN,other,false,2023-08-30,2023-08-30,2023-09-02,2024-11-19,
A-158f4e,Company_180,FinTech,IN,other,false,2023-06-02,2023-06-02,2023-06-08,2024-11-22,
A-de24d5,Company_231,DevTools,US,other,false,2024-11-06,2024-11-06,2024-11-07,2024-11-22,
A-4a267b,Company_451,FinTech,US,other,false,2024-05-09,2024-05-09,2024-05-25,2024-11-25,
A-3cc791,Company_423,EdTech,US,other,true,2024-01-31,2024-03-26,2024-02-05,2024-11-25,
A-296d7c,Company_182,DevTools,DE,other,false,2024-01-30,2024-01-30,2024-02-08,2024-11-26,
A-342303,Company_294,EdTech,US,other,false,2024-05-03,2024-05-03,2024-05-16,2024-11-26,
A-b9f5b1,Company_494,Cybersecurity,US,other,true,2023-03-12,2024-06-23,2023-04-03,2024-11-29,
A-ae052e,Company_132,FinTech,CA,other,true,2024-01-22,2024-03-31,2024-02-27,2024-12-01,
A-798a3f,Company_463,DevTools,FR,other,false,2023-12-25,2023-12-25,2024-01-16,2024-12-01,
A-94f8c9,Company_51,HealthTech,US,other,true,2024-04-05,2024-04-05,2024-04-13,2024-12-03,
A-d4e0d4,Company_403,FinTech,US,other,false,2024-10-18,2024-10-18,2024-11-07,2024-12-04,
A-66224b,Company_87,HealthTech,US,other,true,2024-10-20,2024-10-20,2024-11-03,2024-12-04,
A-ced9aa,Company_310,DevTools,US,other,false,2024-10-11,2024-10-11,2024-10-18,2024-12-06,
A-7c6b6b,Company_223,FinTech,US,other,false,2024-12-06,2024-12-06,2024-12-07,2024-12-07,
A-59f724,Company_432,HealthTech,US,other,false,2024-01-01,2024-01-01,2024-01-05,2024-12-07,
A-e43bf7,Company_215,Cybersecurity,AU,other,false,2023-05-21,2023-05-21,2023-05-21,2024-12-08,
A-7f4db3,Company_441,FinTech,US,other,true,2023-03-11,2023-03-11,2023-03-14,2024-12-09,2024-12-14
A-c58f49,Company_480,EdTech,US,other,false,2024-08-10,2024-08-10,2024-09-05,2024-12-09,
A-5a184f,Company_124,DevTools,DE,other,true,2023-08-31,2023-09-03,2023-11-01,2024-12-10,2024-12-13
A-1e50e0,Company_415,Cybersecurity,DE,other,false,2023-03-23,2023-03-23,2023-04-07,2024-12-10,
A-94c3cd,Company_351,FinTech,CA,other,true,2024-01-06,2024-07-19,2024-01-26,2024-12-11,
A-f5641b,Company_382,EdTech,US,other,false,2024-04-21,2024-04-21,2024-04-25,2024-12-11,
A-5a3eb9,Company_283,DevTools,CA,other,false,2023-09-20,2023-09-20,2023-10-04,2024-12-11,2024-12-28
A-c4ea60,Company_18,FinTech,DE,other,false,2023-04-11,2023-04-11,2023-04-19,2024-12-11,
A-1f0ac7,Company_3,HealthTech,UK,other,false,2023-12-04,2023-12-04,2023-12-05,2024-12-11,
A-69b156,Company_396,EdTech,US,other,false,2023-12-27,2023-12-27,2024-01-02,2024-12-12,2024-12-30
A-86902e,Company_169,HealthTech,IN,other,true,2023-07-21,2023-11-24,2023-09-11,2024-12-12,
A-bcbe98,Company_452,Cybersecurity,US,other,true,2024-07-29,2024-07-29,2024-07-29,2024-12-14,
A-e351e1,Company_62,EdTech,US,other,false,2024-09-27,2024-09-27,2024-10-02,2024-12-14,2024-12-29
A-104f1a,Company_89,Cybersecurity,US,other,false,2024-09-02,2024-09-02,2024-10-19,2024-12-15,
A-503d5a,Company_99,FinTech,US,other,true,2023-10-21,2023-10-21,2023-11-25,2024-12-15,
A-cc1d8d,Company_440,FinTech,US,other,true,2024-12-08,2024-12-08,2024-12-15,2024-12-15,
A-9b9fe9,Company_71,EdTech,AU,other,true,2023-10-16,2023-11-20,2023-10-20,2024-12-15,
A-e83938,Company_111,DevTools,UK,other,false,2024-02-08,2024-02-08,2024-02-12,2024-12-15,
A-692f18,Company_195,EdTech,US,other,true,2024-03-29,2024-03-29,2024-04-07,2024-12-15,2024-12-17
A-4d1e75,Company_58,DevTools,US,other,false,2024-09-07,2024-09-07,2024-09-13,2024-12-15,
A-0f3e88,Company_428,HealthTech,US,other,false,2023-08-05,2023-08-05,2023-08-13,2024-12-17,2024-12-23
A-309e54,Company_371,DevTools,US,other,true,2024-12-13,2024-12-14,2024-12-17,2024-12-17,
A-1e1b80,Company_416,FinTech,CA,other,false,2023-10-11,2023-10-11,2023-11-14,2024-12-18,
A-4e631b,Company_298,FinTech,US,other,false,2024-03-18,2024-03-18,2024-03-26,2024-12-19,
A-af0cd2,Company_204,Cybersecurity,IN,other,false,2023-01-12,2023-01-12,2023-03-07,2024-12-19,
A-5fe118,Company_374,Cybersecurity,US,other,false,2024-12-02,2024-12-02,2024-12-19,2024-12-19,
A-94d3da,Company_61,HealthTech,US,other,true,2023-06-03,2023-06-03,2023-06-11,2024-12-19,
A-e888d1,Company_102,Cybersecurity,US,other,true,2023-05-11,2023-05-11,2023-05-14,2024-12-19,
A-c16101,Company_139,EdTech,IN,other,false,2024-09-06,2024-09-06,2024-10-05,2024-12-20,
A-d5a319,Company_158,FinTech,US,other,true,2023-06-27,2023-09-25,2023-07-29,2024-12-20,
A-1b7577,Company_39,Cybersecurity,US,other,false,2024-10-28,2024-10-28,2024-10-30,2024-12-20,
A-716841,Company_437,FinTech,US,other,false,2024-05-13,2024-05-13,2024-05-18,2024-12-20,
A-3932db,Company_144,HealthTech,CA,other,true,2023-12-10,2023-12-10,2023-12-30,2024-12-21,
A-6e7827,Company_372,DevTools,US,other,false,2023-06-11,2023-06-11,2023-07-04,2024-12-21,
A-cbd1a3,Company_325,DevTools,US,other,false,2024-11-26,2024-11-26,2024-11-29,2024-12-21,
A-425e76,Company_110,DevTools,UK,other,false,2023-06-21,2023-06-21,2023-08-09,2024-12-21,
A-4f18f0,Company_145,DevTools,CA,other,true,2024-04-25,2024-04-28,2024-04-28,2024-12-22,
A-e4144b,Company_316,EdTech,UK,other,true,2024-11-10,2024-11-10,2024-11-16,2024-12-23,
A-7988d1,Company_90,Cybersecurity,US,other,true,2024-03-12,2024-04-29,2024-03-15,2024-12-23,
A-df10db,Company_143,DevTools,US,other,false,2023-08-25,2023-08-25,2023-09-15,2024-12-24,
A-8ae05d,Company_147,FinTech,IN,other,false,2024-06-01,2024-06-01,2024-08-21,2024-12-24,
A-bcf664,Company_248,DevTools,US,other,true,2023-06-16,2023-06-16,2023-07-11,2024-12-24,
A-5a215a,Company_358,EdTech,FR,other,false,2024-01-31,2024-01-31,2024-02-01,2024-12-24,
A-5b4ebb,Company_69,Cybersecurity,UK,other,false,2024-07-11,2024-07-11,2024-07-18,2024-12-25,
A-e2cd1b,Company_121,DevTools,US,other,false,2024-02-22,2024-02-22,2024-02-22,2024-12-25,
A-396e5f,Company_30,Cybersecurity,CA,other,false,2024-10-02,2024-10-02,2024-10-06,2024-12-25,
A-5f7781,Company_483,DevTools,US,other,true,2024-08-27,2024-09-07,2024-08-30,2024-12-25,
A-02cd81,Company_76,HealthTech,IN,other,true,2024-03-28,2024-03-28,2024-04-02,2024-12-26,
A-712426,Company_155,HealthTech,US,other,true,2024-11-10,2024-11-17,2024-11-16,2024-12-27,
A-427b69,Company_453,FinTech,US,other,false,2024-09-07,2024-09-07,2024-11-08,2024-12-27,
A-f19409,Company_105,DevTools,US,other,false,2023-04-22,2023-04-22,2023-05-12,2024-12-27,
A-443b7c,Company_280,Cybersecurity,US,other,true,2024-09-16,2024-09-16,2024-09-17,2024-12-27,
A-ccb686,Company_491,DevTools,US,other,true,2024-02-02,2024-02-02,2024-02-02,2024-12-28,
A-4e960a,Company_277,FinTech,US,other,true,2024-02-07,2024-03-11,2024-02-14,2024-12-28,
A-4ae22a,Company_229,EdTech,US,other,false,2024-05-28,2024-05-28,2024-07-29,2024-12-28,
A-f25509,Company_92,EdTech,US,other,false,2024-05-28,2024-05-28,2024-06-22,2024-12-28,
A-ff3c73,Company_244,HealthTech,AU,other,true,2023-04-06,2023-04-06,2023-04-08,2024-12-28,
A-e36807,Company_164,EdTech,AU,other,false,2024-06-01,2024-06-01,2024-06-01,2024-12-29,
A-43a9e3,Company_1,FinTech,IN,other,false,2023-09-20,2023-09-20,2023-10-12,2024-12-29,
A-756192,Company_390,FinTech,IN,other,true,2023-09-17,2023-10-27,2023-10-16,2024-12-29,
A-d82ef9,Company_355,EdTech,UK,other,true,2024-07-14,2024-07-21,2024-07-17,2024-12-29,
A-c222ab,Company_206,Cybersecurity,US,other,false,2024-08-24,2024-08-24,2024-09-28,2024-12-29,
A-bb2f49,Company_356,Cybersecurity,US,other,false,2023-06-29,2023-06-29,2023-07-09,2024-12-30,
A-970c97,Company_477,HealthTech,DE,other,false,2024-03-06,2024-03-06,2024-03-22,2024-12-30,
A-883b7d,Company_313,Cybersecurity,IN,other,false,2024-04-21,2024-04-21,2024-05-07,2024-12-30,
A-19b2c8,Company_476,DevTools,IN,other,false,2023-06-19,2023-06-19,2023-06-23,2024-12-30,
A-a6d261,Company_303,FinTech,CA,other,false,2023-12-13,2023-12-13,2023-12-19,2024-12-30,
A-9affe6,Company_401,Cybersecurity,US,other,false,2023-04-06,2023-04-06,2023-04-06,2024-12-31,
A-0dbdc6,Company_366,Cybersecurity,DE,other,true,2023-06-14,2023-11-04,2023-06-19,2024-12-31,
A-cd458b,Company_430,DevTools,US,other,false,2024-07-12,2024-07-12,2024-07-12,2024-12-31,
A-aa9511,Company_203,DevTools,US,other,true,2023-10-11,2023-10-11,2023-10-25,2024-12-31,
A-0354fe,Company_380,Cybersecurity,US,other,true,2024-11-03,2024-11-03,2024-11-16,2024-12-31,
A-f3ff05,Company_44,FinTech,IN,other,false,2024-08-01,2024-08-01,2024-09-02,2024-12-31,
A-39b19f,Company_176,FinTech,US,partner,true,2023-02-23,2023-02-23,2023-03-05,2024-10-14,
A-e1462e,Company_217,FinTech,UK,partner,false,2023-04-03,2023-04-03,2023-04-29,2024-11-10,
A-524364,Company_388,DevTools,FR,partner,true,2024-12-31,2024-12-31,,,
A-5f2961,Company_284,HealthTech,US,partner,false,2024-11-27,2024-11-27,,,
A-9a532a,Company_333,HealthTech,US,partner,false,2024-08-28,2024-08-28,2024-10-17,2024-10-21,
A-6a4e2d,Company_46,EdTech,UK,partner,true,2023-05-29,2023-07-09,2023-06-09,2024-10-23,2024-11-07
A-c45b23,Company_75,FinTech,UK,partner,true,2023-12-29,2023-12-29,2023-12-29,2024-10-31,2024-12-15
A-855a48,Company_389,EdTech,US,partner,false,2024-01-30,2024-01-30,2024-02-07,2024-11-19,
A-56962b,Company_177,EdTech,UK,partner,true,2024-05-15,2024-08-28,2024-06-02,2024-11-20,
A-0a62f5,Company_381,FinTech,UK,partner,false,2024-09-16,2024-09-16,2024-11-20,2024-11-20,
A-977ca0,Company_232,HealthTech,IN,partner,true,2023-02-20,2023-02-20,2023-03-03,2024-11-22,2024-11-24
A-ac85cd,Company_485,EdTech,US,partner,false,2024-08-02,2024-08-02,2024-08-14,2024-11-27,
A-eafc6e,Company_149,DevTools,US,partner,true,2023-08-08,2023-08-08,2023-09-09,2024-11-30,
A-fce879,Company_291,EdTech,UK,partner,false,2024-09-28,2024-09-28,2024-10-08,2024-11-30,
A-cbbe12,Company_450,Cybersecurity,DE,partner,true,2023-07-21,2023-08-09,2023-07-30,2024-12-02,
A-65aeb5,Company_120,DevTools,US,partner,false,2024-02-02,2024-02-02,2024-02-08,2024-12-02,2024-12-03
A-dec005,Company_445,HealthTech,US,partner,true,2023-10-17,2023-12-22,2023-10-28,2024-12-02,2024-12-03
A-e5d6ab,Company_7,EdTech,US,partner,false,2023-05-11,2023-05-11,2023-05-31,2024-12-02,
A-e51ec7,Company_113,FinTech,CA,partner,true,2023-11-27,2023-11-27,2023-12-06,2024-12-05,
A-5247b3,Company_375,FinTech,UK,partner,false,2024-03-23,2024-03-23,2024-04-25,2024-12-06,
A-c37601,Company_48,EdTech,US,partner,true,2024-11-01,2024-11-01,2024-11-01,2024-12-07,
A-856b1e,Company_161,FinTech,US,partner,false,2023-11-02,2023-11-02,2024-01-20,2024-12-07,
A-86cdb4,Company_250,DevTools,DE,partner,false,2024-10-06,2024-10-06,2024-10-07,2024-12-08,
A-f51f16,Company_282,HealthTech,US,partner,false,2024-02-18,2024-02-18,2024-02-22,2024-12-08,
A-4c56c9,Company_449,FinTech,US,partner,false,2024-05-13,2024-05-13,2024-06-01,2024-12-08,
A-54ecc2,Company_289,Cybersecurity,US,partner,false,2023-08-16,2023-08-16,2023-08-23,2024-12-09,
A-2e4581,Company_0,EdTech,US,partner,false,2024-10-20,2024-10-20,2024-10-29,2024-12-10,
A-a33200,Company_352,HealthTech,US,partner,false,2024-09-26,2024-09-26,2024-09-29,2024-12-11,
A-417d2f,Company_285,Cybersecurity,IN,partner,false,2023-07-04,2023-07-04,2023-07-13,2024-12-11,
A-b07346,Company_269,HealthTech,US,partner,false,2024-11-06,2024-11-06,2024-12-12,2024-12-12,
A-c62e55,Company_315,EdTech,US,partner,false,2023-11-15,2023-11-15,2023-11-16,2024-12-12,
A-241e75,Company_242,EdTech,US,partner,false,2024-07-11,2024-07-11,2024-07-27,2024-12-13,
A-dfbd31,Company_190,DevTools,UK,partner,true,2023-12-10,2024-02-15,2023-12-17,2024-12-14,
A-39868b,Company_422,FinTech,AU,partner,false,2024-04-25,2024-04-25,2024-05-08,2024-12-14,
A-5ed98d,Company_479,DevTools,US,partner,false,2024-06-28,2024-06-28,2024-07-23,2024-12-15,
A-39ddf4,Company_435,EdTech,US,partner,false,2024-12-07,2024-12-07,2024-12-15,2024-12-15,
A-d77f4c,Company_470,DevTools,US,partner,false,2023-10-24,2023-10-24,2023-10-30,2024-12-16,2024-12-18
A-e19ff6,Company_411,Cybersecurity,UK,partner,true,2023-08-09,2023-08-09,2023-08-17,2024-12-16,
A-462d45,Company_13,Cybersecurity,US,partner,false,2024-01-16,2024-01-16,2024-02-06,2024-12-16,
A-ed510f,Company_361,Cybersecurity,IN,partner,false,2023-03-09,2023-03-09,2023-03-21,2024-12-17,
A-96e141,Company_134,DevTools,UK,partner,true,2023-10-14,2023-12-05,2023-12-11,2024-12-17,
A-2b9d3e,Company_319,EdTech,US,partner,false,2023-09-06,2023-09-06,2023-09-16,2024-12-17,
A-5c046d,Company_130,EdTech,FR,partner,false,2024-07-23,2024-07-23,2024-08-26,2024-12-17,
A-751bd4,Company_408,Cybersecurity,UK,partner,false,2024-09-18,2024-09-18,2024-11-06,2024-12-18,
A-eb1312,Company_322,FinTech,US,partner,false,2024-09-18,2024-09-18,2024-10-13,2024-12-18,
A-ac14bb,Company_15,FinTech,US,partner,false,2023-09-27,2023-09-27,2023-10-18,2024-12-18,
A-5c9849,Company_362,EdTech,IN,partner,true,2024-11-10,2024-11-10,2024-11-12,2024-12-18,
A-58b9ff,Company_425,DevTools,IN,partner,true,2024-06-17,2024-06-26,2024-06-19,2024-12-19,
A-313be3,Company_136,EdTech,US,partner,true,2023-11-25,2023-12-11,2023-12-07,2024-12-19,
A-e3bd71,Company_347,Cybersecurity,US,partner,false,2023-04-03,2023-04-03,2023-04-15,2024-12-20,
A-1d5444,Company_427,Cybersecurity,US,partner,false,2024-03-19,2024-03-19,2024-04-03,2024-12-21,
A-6f50ae,Company_466,FinTech,US,partner,false,2023-11-11,2023-11-11,2023-11-13,2024-12-22,
A-d62e02,Company_420,Cybersecurity,US,partner,false,2024-09-03,2024-09-03,2024-10-10,2024-12-22,
A-10b8da,Company_9,DevTools,US,partner,false,2023-05-12,2023-05-12,2023-07-10,2024-12-23,
A-bbc346,Company_138,FinTech,US,partner,true,2024-08-31,2024-08-31,2024-09-04,2024-12-23,
A-7641d3,Company_429,EdTech,US,partner,true,2023-04-12,2023-04-12,2023-04-17,2024-12-24,
A-328bd0,Company_237,HealthTech,AU,partner,true,2023-08-10,2023-08-24,2023-08-15,2024-12-24,
A-b7ef83,Company_474,Cybersecurity,UK,partner,false,2024-06-12,2024-06-12,2024-06-17,2024-12-25,
A-37f969,Company_150,HealthTech,IN,partner,false,2023-10-24,2023-10-24,2023-11-14,2024-12-25,
A-a8b49c,Company_72,Cybersecurity,UK,partner,true,2023-10-14,2023-10-14,2023-10-25,2024-12-25,
A-8145a0,Company_33,Cybersecurity,AU,partner,false,2023-08-07,2023-08-07,2023-08-11,2024-12-26,
A-91e948,Company_88,EdTech,AU,partner,false,2023-08-14,2023-08-14,2023-09-25,2024-12-26,
A-40a557,Company_86,Cybersecurity,AU,partner,false,2024-01-11,2024-01-11,2024-01-16,2024-12-26,
A-7f6b86,Company_299,HealthTech,US,partner,true,2023-08-30,2023-10-15,2023-09-15,2024-12-26,
A-726cfa,Company_82,DevTools,US,partner,false,2023-07-15,2023-07-15,2023-07-16,2024-12-26,
A-db5e9e,Company_442,DevTools,US,partner,false,2024-11-12,2024-11-12,2024-12-20,2024-12-27,2024-12-28
A-e61e98,Company_115,FinTech,US,partner,false,2023-11-05,2023-11-05,2023-11-18,2024-12-27,
A-463db0,Company_16,HealthTech,US,partner,false,2024-12-09,2024-12-09,2024-12-27,2024-12-27,
A-50f3f7,Company_140,HealthTech,US,partner,false,2024-01-05,2024-01-05,2024-01-05,2024-12-28,
A-cc102e,Company_443,HealthTech,US,partner,false,2024-05-06,2024-05-06,2024-05-11,2024-12-28,
A-0158bb,Company_461,FinTech,DE,partner,true,2024-05-30,2024-06-28,2024-06-04,2024-12-28,
A-9174e0,Company_73,Cybersecurity,US,partner,true,2024-12-06,2024-12-07,2024-12-16,2024-12-29,
A-35083d,Company_27,HealthTech,IN,partner,true,2023-06-03,2023-08-10,2023-06-10,2024-12-29,
A-b3fe05,Company_238,Cybersecurity,CA,partner,true,2024-06-06,2024-08-04,2024-06-08,2024-12-29,
A-1f0636,Company_368,EdTech,AU,partner,true,2024-02-27,2024-04-09,2024-03-01,2024-12-29,
A-c7ffc2,Company_392,Cybersecurity,US,partner,false,2023-05-25,2023-05-25,2023-05-25,2024-12-30,
A-0f7d77,Company_457,FinTech,IN,partner,false,2024-11-11,2024-11-11,2024-11-17,2024-12-30,
A-dbc825,Company_252,EdTech,FR,partner,false,2024-01-19,2024-01-19,2024-01-21,2024-12-30,
A-05f0e5,Company_40,FinTech,US,partner,false,2023-06-11,2023-06-11,2023-06-22,2024-12-30,
A-86fc1d,Company_328,DevTools,UK,partner,true,2024-08-08,2024-08-08,2024-08-12,2024-12-30,
A-afa505,Company_157,DevTools,US,partner,false,2024-01-08,2024-01-08,2024-01-09,2024-12-30,
A-6c093d,Company_12,DevTools,US,partner,false,2023-04-30,2023-04-30,2023-05-22,2024-12-30,
A-c70870,Company_253,Cybersecurity,US,partner,true,2024-11-11,2024-11-11,2024-11-11,2024-12-31,
A-fda07f,Company_230,Cybersecurity,FR,partner,true,2024-08-24,2024-08-24,2024-08-26,2024-12-31,
A-f9cc74,Company_360,DevTools,FR,partner,true,2024-10-12,2024-10-12,2024-10-23,2024-12-31,
A-2789e3,Company_268,FinTech,US,partner,false,2024-09-18,2024-09-18,2024-10-04,2024-12-31,
A-98a59a,Company_80,FinTech,UK,partner,false,2023-09-02,2023-09-02,2023-09-03,2024-12-31,
A-ef84cf,Company_274,EdTech,US,partner,true,2024-03-12,2024-05-22,2024-04-29,2024-12-31,
A-7c83a1,Company_447,Cybersecurity,US,partner,false,2024-05-14,2024-05-14,2024-05-14,2024-12-31,